{
  "reload.end.normal" : {
    "category" : "master",
    "sounds" : [ "reload/insert_mag_normal" ]
  },
  "shoot.fr556.quiet" : {
    "category" : "master",
    "sounds" : [ "shoot/quiet/fr556" ]
  },
  "reload.end.heavy" : {
    "category" : "master",
    "sounds" : [ "reload/insert_mag_minigun" ]
  },
  "shoot.r90.quiet" : {
    "category" : "master",
    "sounds" : [ "shoot/quiet/r90shotgun" ]
  },
  "minetopia.ultimatef1" : {
    "sounds" : [ "customminetopiaclassic/ultimatef1" ]
  },
  "scope.in" : {
    "category" : "master",
    "sounds" : [ "scope/start_scope" ]
  },
  "fx.ricochet" : {
    "category" : "master",
    "sounds" : [ "fx/bowhit1", "fx/bowhit2", "fx/bowhit3", "fx/bowhit4" ]
  },
  "minetopia.gunshotrevolver" : {
    "sounds" : [ "customminetopiaclassic/gunshot_revolver" ]
  },
  "minetopia.vr6turbo" : {
    "sounds" : [ "customminetopiaclassic/vr6turbo" ]
  },
  "explosion.molotov" : {
    "category" : "master",
    "sounds" : [ "explosion/molotov" ]
  },
  "minetopia.supra" : {
    "sounds" : [ "customminetopiaclassic/supra" ]
  },
  "shoot.r90.ambient" : {
    "category" : "master",
    "sounds" : [ "shoot/ambient/r90shotgun" ]
  },
  "minetopia.gunreloadhard" : {
    "sounds" : [ "customminetopiaclassic/gunreload_hard" ]
  },
  "fx.whiz" : {
    "category" : "master",
    "sounds" : [ {
      "name" : "fx/whiz1",
      "weight" : 4
    }, {
      "name" : "fx/whiz2",
      "weight" : 1
    }, {
      "name" : "fx/whiz3",
      "weight" : 2
    } ]
  },
  "minetopia.454bb" : {
    "sounds" : [ "customminetopiaclassic/454bb" ]
  },
  "minetopia.rallycar" : {
    "sounds" : [ "customminetopiaclassic/rallycar" ]
  },
  "shoot.rpg7.ambient" : {
    "category" : "master",
    "sounds" : [ "shoot/ambient/rpg7" ]
  },
  "shoot.stg44.ambient" : {
    "category" : "master",
    "sounds" : [ "shoot/ambient/stg44" ]
  },
  "shoot.aug.loud" : {
    "category" : "master",
    "sounds" : [ "shoot/loud/aug" ]
  },
  "shoot.357magnum.quiet" : {
    "category" : "master",
    "sounds" : [ "shoot/quiet/357magnum" ]
  },
  "shoot.stg44.quiet" : {
    "category" : "master",
    "sounds" : [ "shoot/quiet/stg44" ]
  },
  "shoot.fatman.ambient" : {
    "category" : "master",
    "sounds" : [ "shoot/ambient/fatman" ]
  },
  "minetopia.bat" : {
    "sounds" : [ "customminetopiaclassic/bat" ]
  },
  "shoot.aug.ambient" : {
    "category" : "master",
    "sounds" : [ "shoot/ambient/aug" ]
  },
  "reload.end.light" : {
    "category" : "master",
    "sounds" : [ "reload/insert_mag_light" ]
  },
  "shoot.kar98k.quiet" : {
    "category" : "master",
    "sounds" : [ "shoot/quiet/kar98k" ]
  },
  "shoot.rpg7.quiet" : {
    "category" : "master",
    "sounds" : [ "shoot/quiet/rpg7" ]
  },
  "shoot.origin12.ambient" : {
    "category" : "master",
    "sounds" : [ "shoot/ambient/origin12" ]
  },
  "shoot.50gs.quiet" : {
    "category" : "master",
    "sounds" : [ "shoot/quiet/50gs" ]
  },
  "shoot.stg44.loud" : {
    "category" : "master",
    "sounds" : [ "shoot/loud/stg44" ]
  },
  "shoot.rpg7.loud" : {
    "category" : "master",
    "sounds" : [ "shoot/loud/rpg7" ]
  },
  "reload.start.light" : {
    "category" : "master",
    "sounds" : [ "reload/eject_mag_light" ]
  },
  "minetopiaclassic.horn14" : {
    "sounds" : [ "customminetopia_vehicles/horn14" ]
  },
  "minetopiaclassic.horn15" : {
    "sounds" : [ "customminetopia_vehicles/horn15" ]
  },
  "reload.start.shotgun" : {
    "category" : "master",
    "sounds" : [ "reload/insert_shotgun_shells" ]
  },
  "minetopiaclassic.horn16" : {
    "sounds" : [ "customminetopia_vehicles/horn16" ]
  },
  "minetopiaclassic.horn17" : {
    "sounds" : [ "customminetopia_vehicles/horn17" ]
  },
  "minetopiaclassic.horn10" : {
    "sounds" : [ "customminetopia_vehicles/horn10" ]
  },
  "minetopia.nov8" : {
    "sounds" : [ "customminetopiaclassic/nov8" ]
  },
  "minetopiaclassic.horn11" : {
    "sounds" : [ "customminetopia_vehicles/horn11" ]
  },
  "minetopiaclassic.horn12" : {
    "sounds" : [ "customminetopia_vehicles/horn12" ]
  },
  "minetopiaclassic.horn13" : {
    "sounds" : [ "customminetopia_vehicles/horn13" ]
  },
  "shoot.50gs.loud" : {
    "category" : "master",
    "sounds" : [ "shoot/loud/50gs" ]
  },
  "minetopia.gunreloadsoft" : {
    "sounds" : [ "customminetopiaclassic/gunreload_soft" ]
  },
  "minetopia.gunshothard" : {
    "sounds" : [ "customminetopiaclassic/gunshot_hard" ]
  },
  "shoot.ax50.quiet" : {
    "category" : "master",
    "sounds" : [ "shoot/quiet/ax50" ]
  },
  "shoot.uzi.quiet" : {
    "category" : "master",
    "sounds" : [ "shoot/quiet/uzi" ]
  },
  "minetopia.v8supercharged" : {
    "sounds" : [ "customminetopiaclassic/v8supercharged" ]
  },
  "minetopia.v12f1" : {
    "sounds" : [ "customminetopiaclassic/v12f1" ]
  },
  "minetopia.vtec" : {
    "sounds" : [ "customminetopiaclassic/vtec" ]
  },
  "explosion.frag" : {
    "category" : "master",
    "sounds" : [ "explosion/frag" ]
  },
  "shoot.fnfal.quiet" : {
    "category" : "master",
    "sounds" : [ "shoot/quiet/fnfal" ]
  },
  "minetopiaclassic.vuvuzela" : {
    "sounds" : [ "customminetopiaclassic/vuvuzela" ]
  },
  "shoot.ax50.loud" : {
    "category" : "master",
    "sounds" : [ "shoot/loud/ax50" ]
  },
  "minetopia.supermax" : {
    "sounds" : [ "customminetopiaclassic/supermax" ]
  },
  "shoot.ak47.ambient" : {
    "category" : "master",
    "sounds" : [ "shoot/ambient/ak47" ]
  },
  "shoot.kar98k.ambient" : {
    "category" : "master",
    "sounds" : [ "shoot/ambient/kar98k" ]
  },
  "minetopia.gunempty" : {
    "sounds" : [ "customminetopiaclassic/gunempty" ]
  },
  "minetopia.grenadelauncher" : {
    "sounds" : [ "customminetopiaclassic/grenadelauncher" ]
  },
  "shoot.fr556.loud" : {
    "category" : "master",
    "sounds" : [ "shoot/loud/fr556" ]
  },
  "minetopia.impreza" : {
    "sounds" : [ "customminetopiaclassic/impreza" ]
  },
  "minetopiaclassic.lightsaber1" : {
    "sounds" : [ "customminetopiaclassic/lightsaber1" ]
  },
  "minetopiaclassic.lightsaber2" : {
    "sounds" : [ "customminetopiaclassic/lightsaber2" ]
  },
  "shoot.aug.quiet" : {
    "category" : "master",
    "sounds" : [ "shoot/quiet/aug" ]
  },
  "minetopia.knifeheadshot" : {
    "sounds" : [ "customminetopiaclassic/knifeheadshot" ]
  },
  "minetopia.gunshothandgun" : {
    "sounds" : [ "customminetopiaclassic/gunshot_handgun" ]
  },
  "shoot.fatman.loud" : {
    "category" : "master",
    "sounds" : [ "shoot/loud/fatman" ]
  },
  "minetopiaclassic.horn9" : {
    "sounds" : [ "customminetopia_vehicles/horn9" ]
  },
  "shoot.uzi.loud" : {
    "category" : "master",
    "sounds" : [ "shoot/loud/uzi" ]
  },
  "shoot.mg34.quiet" : {
    "category" : "master",
    "sounds" : [ "shoot/quiet/mg34" ]
  },
  "minetopia.v8f1" : {
    "sounds" : [ "customminetopiaclassic/v8f1" ]
  },
  "minetopia.v12lambo" : {
    "sounds" : [ "customminetopiaclassic/v12lambo" ]
  },
  "shoot.ak47.quiet" : {
    "category" : "master",
    "sounds" : [ "shoot/quiet/ak47" ]
  },
  "minetopia.nissangtr" : {
    "sounds" : [ "customminetopiaclassic/nissangtr" ]
  },
  "minetopiaclassic.horn18" : {
    "sounds" : [ "customminetopia_vehicles/horn18" ]
  },
  "minetopia.v8cbblock" : {
    "sounds" : [ "customminetopiaclassic/v8cbblock2" ]
  },
  "minetopiaclassic.horn19" : {
    "sounds" : [ "customminetopia_vehicles/horn19" ]
  },
  "minetopia.v6turbo" : {
    "sounds" : [ "customminetopiaclassic/v6turbo" ]
  },
  "minetopiaclassic.carsound2" : {
    "sounds" : [ "customminetopiaclassic/carsound2" ]
  },
  "minetopiaclassic.carsound1" : {
    "sounds" : [ "customminetopiaclassic/carsound1" ]
  },
  "shoot.mg34.loud" : {
    "category" : "master",
    "sounds" : [ "shoot/loud/mg34" ]
  },
  "minetopiaclassic.carsound3" : {
    "sounds" : [ "customminetopiaclassic/carsound3" ]
  },
  "shoot.uzi.ambient" : {
    "category" : "master",
    "sounds" : [ "shoot/ambient/uzi" ]
  },
  "shoot.origin12.loud" : {
    "category" : "master",
    "sounds" : [ "shoot/loud/origin12" ]
  },
  "minetopiaclassic.horn20" : {
    "sounds" : [ "customminetopia_vehicles/horn20" ]
  },
  "shoot.origin12.quiet" : {
    "category" : "master",
    "sounds" : [ "shoot/quiet/origin12" ]
  },
  "shoot.kar98k.loud" : {
    "category" : "master",
    "sounds" : [ "shoot/loud/kar98k" ]
  },
  "shoot.357magnum.ambient" : {
    "category" : "master",
    "sounds" : [ "shoot/ambient/357magnum" ]
  },
  "shoot.357magnum.loud" : {
    "category" : "master",
    "sounds" : [ "shoot/loud/357magnum" ]
  },
  "minetopia.v8hemi" : {
    "sounds" : [ "customminetopiaclassic/v8hemi" ]
  },
  "shoot.r90.loud" : {
    "category" : "master",
    "sounds" : [ "shoot/loud/r90shotgun" ]
  },
  "minetopia.glitter" : {
    "sounds" : [ "customminetopiaclassic/glitter" ]
  },
  "shoot.50gs.ambient" : {
    "category" : "master",
    "sounds" : [ "shoot/ambient/50gs" ]
  },
  "reload.start.heavy" : {
    "category" : "master",
    "sounds" : [ "reload/eject_mag_minigun" ]
  },
  "shoot.ak47.loud" : {
    "category" : "master",
    "sounds" : [ "shoot/loud/ak47" ]
  },
  "fx.stim" : {
    "category" : "master",
    "sounds" : [ "misc/stim" ]
  },
  "scope.out" : {
    "category" : "master",
    "sounds" : [ "scope/end_scope" ]
  },
  "minetopiaclassic.horn5" : {
    "sounds" : [ "customminetopia_vehicles/horn5" ]
  },
  "minetopiaclassic.horn6" : {
    "sounds" : [ "customminetopia_vehicles/horn6" ]
  },
  "minetopiaclassic.horn7" : {
    "sounds" : [ "customminetopia_vehicles/horn7" ]
  },
  "minetopiaclassic.horn8" : {
    "sounds" : [ "customminetopia_vehicles/horn8" ]
  },
  "minetopiaclassic.horn1" : {
    "sounds" : [ "customminetopia_vehicles/horn1" ]
  },
  "minetopiaclassic.horn2" : {
    "sounds" : [ "customminetopia_vehicles/horn2" ]
  },
  "shoot.ax50.ambient" : {
    "category" : "master",
    "sounds" : [ "shoot/ambient/ax50" ]
  },
  "shoot.fnfal.loud" : {
    "category" : "master",
    "sounds" : [ "shoot/loud/fnfal" ]
  },
  "minetopiaclassic.horn3" : {
    "sounds" : [ "customminetopia_vehicles/horn3" ]
  },
  "minetopiaclassic.horn4" : {
    "sounds" : [ "customminetopia_vehicles/horn4" ]
  },
  "shoot.fatman.quiet" : {
    "category" : "master",
    "sounds" : [ "shoot/quiet/fatman" ]
  },
  "minetopia.v10f1" : {
    "sounds" : [ "customminetopiaclassic/v10f1" ]
  },
  "shoot.m4a1.loud" : {
    "category" : "master",
    "sounds" : [ "shoot/loud/m4a1" ]
  },
  "shoot.m4a1.quiet" : {
    "category" : "master",
    "sounds" : [ "shoot/quiet/m4a1" ]
  },
  "shoot.fr556.ambient" : {
    "category" : "master",
    "sounds" : [ "shoot/ambient/fr556" ]
  },
  "shoot.m4a1.ambient" : {
    "category" : "master",
    "sounds" : [ "shoot/ambient/m4a1" ]
  },
  "minetopiaclassic.belring" : {
    "sounds" : [ "customminetopiaclassic/belring" ]
  },
  "reload.start.normal" : {
    "category" : "master",
    "sounds" : [ "reload/eject_mag_normal" ]
  },
  "shoot.fnfal.ambient" : {
    "category" : "master",
    "sounds" : [ "shoot/ambient/fnfal" ]
  },
  "shoot.mg34.ambient" : {
    "category" : "master",
    "sounds" : [ "shoot/ambient/mg34" ]
  },
  "minetopiaclassic.r2d2" : {
    "sounds" : [ "customminetopiaclassic/r2d2" ]
  }
}
